type	action	issue	page	recipe	keyword
H	2007	recipe index.	byyear
C	c	ingredient:	 apricots
r	l	Aug	71	apricot & apple charlotte	apricot
r	l	Apr	136	baked apricot chicken with parsnip and pumpkin	apricot
r	l	Jun	78	baked lamb & apricot couscous	apricot
C	c	ingredient:	 asparagus
r	l	Nov	206	asparagus, artichoke & grape tomato salad with cottage cheese	asparagus
r	l	Dec	154	asparagus, ham & mascarpone tarts	asparagus
r	l	Nov	191	asparagus risotto	asparagus
r	l	May	82	chargrilled asparagus with gremolata creme fraiche and prosciutto	asparagus
r	l	Nov	130	roasted asparagus	asparagus
r	l	May	122	salad of raw asparagus and celery with anchovy & mint dressing	asparagus
C	c	ingredient:	 bananas
r	l	Sep	95	banana bread	banana
r	l	Sep	106	banana buttermilk pancakes	banana
r	l	Dec	90	bananas with coconut butterscotch sauce and macadamia praline	bananas
r	l	Apr	131	mini banoffee tarts
C	c	ingredient:	 beans
r	l	Jul	87	baked beans with Indian flavours	beans
r	l	May	158	blue-eye baked in a bag with cannellini beans, tomato and fennel	beans
r	l	Jun	94	braised broad beans, peas, zucchini and asparagus (fritteda)	beans
r	l	Sep	48	broad bean crostini with quail egg	bean
r	l	Dec	222	cuttlefish & white-bean tabbouleh	bean
r	l	Sep	162	fresh borlotti bean & spring vegetable soup	bean
r	l	May	67	garlic green beans	beans
r	l	Mar	138	Greek bean & silverbeet stew	bean
r	l	Oct	78	green bean & asparagus salad with sesame dressing	bean
r	l	Dec	125	green beans with basil dressing	beans
r	l	Feb	98	green beans with hot feta dressing	beans
r	l	Apr	118	green beans with red onion and redcurrants	beans
r	l	Feb	133	grilled whiting with Mediterranean bean salad	bean
r	l	Dec	176	Portuguese beans with chargrilled chorizo	beans
r	l	Dec	106	refried beans	beans
r	l	Aug	78	spicy sausage & bean hotpot	bean
r	l	Feb	84	teriyaki beef & beans	beans
r	l	Dec	156	white bean & ham polpettine	bean
r	l	May	107	white-bean soup with pancetta	bean
C	c	ingredient:	 beef
r	l	Aug	92	Aleppo-style beef tartare	beef
r	l	Aug	140	basic beef casserole	beef
r	l	Aug	141	beef & potato pies	beef
r	l	Jul	43	beef biryani	beef
r	l	Aug	141	beef bourguignon	beef
r	l	Dec	85	beef fillet with star anise broth	beef
r	l	Nov	96	beef fillet with red-wine sauce	beef
r	l	Feb	143	beef in oyster sauce	beef
r	l	May	162	beef pie with gnocchi topping	beef
r	l	Aug	141	beef vindaloo	beef
r	l	Jul	36	brisket cottage pie
r	l	Mar	76	Cajun steak with succotash salad
r	l	Jul	148	chargrilled steak with green-olive tapenade & butter-bean mash
r	l	Nov	100	chilli beef on avocado	beef
r	l	Aug	141	chilli beef with chickpeas	beef
r	l	Aug	143	coconut-braised beef ribs	beef
r	l	Jun	106	corned beef & caper white sauce	beef
r	l	Oct	97	couscous with harissa beef	beef
r	l	Aug	131	eye fillet with celeriac remoulade
r	l	May	41	grilled porterhouse and peperonata
r	l	Apr	138	hoisin beef with snowpea sprouts	beef
r	l	Jul	36	mulligatawny soup
r	l	Jul	63	open porterhouse sandwich
r	l	Feb	124	open steak sandwich
r	l	Jul	35	oxtail gnocchi
r	l	Oct	77	rare beef salad with mizuna	beef
r	l	Dec	219	red curry beef & bok choy stir-fry	beef
r	l	Oct	71	rib-eye steaks with mushroom sauce and pea mash
r	l	Jun	71	roast rib of beef & Yorkshire puddings	beef
r	l	Jun	138	seared beef with green tea noodles and miso dressing	beef
r	l	Mar	85	seared sirloin salad with barley, grapes & sumac
r	l	Mar	132	soy beef with tatsoi salad	beef
r	l	Jun	10	spicy beef, olive & onion pie	beef
r	l	May	38	steak & mushroom pie
r	l	Jun	106	steak Diane
r	l	May	68	steak tagliata with roast tomatoes
r	l	Jun	88	steak with anchovy & red wine butter
r	l	Feb	135	steak with lemon pepper potatoes
r	l	Feb	130	summer beef salad	beef
r	l	Feb	84	teriyaki beef & beans	beef
r	l	Oct	137	Thai chilli beef & snake bean salad	beef
r	l	Nov	212	udon with teriyaki steak
r	l	Aug	63	vanilla-braised beef cheeks	beef
C	c	ingredient:	 berries
r	l	Sep	72	bay-scented creams with macerated berries	berries
r	l	Feb	116	blackberry parfait	blackberry
r	l	Feb	117	blackberry tart with lemon mascarpone and crystallised basil	blackberry
r	l	Mar	129	blueberry flapjacks	blueberry
r	l	Dec	118	cranberry & cinnamon semifreddo	cranberry
r	l	Jul	52	cranberry & rum warmer	cranberry
r	l	Feb	124	figs in blackberry syrup	blackberry
r	l	Nov	78	lemon & blueberry trifle	blueberry
r	l	Apr	116	pom-pom cocktails
r	l	Nov	77	raspberry shortcakes with basil cream	raspberry
r	l	Dec	188	raspberry, yoghurt & almond cake with mascarpone	raspberry
r	l	Nov	157	simple strawberry jam	strawberry
r	l	Nov	134	strawberries in red wine syrup with mascarpone `zabaglione'	strawberries
r	l	Nov	124	strawberry cheesecakes	strawberry
r	l	Sep	135	strawberry & custard trifles	strawberry
r	l	Nov	142	strawberry delight with fairy floss	strawberry
r	l	Nov	80	strawberry vodka cup	strawberry
r	l	Feb	116	venison loin with blackberry sauce	blackberry
C	c	category:	biscuits and bars
r	l	Sep	93	biscuit men with lemon icing	biscuit
r	l	Jul	152	burnt butter, macadamia & marmalade biscuits	biscuits
r	l	Aug	122	chewy seedy oat & apricot bars	bars
r	l	Aug	101	choc-orange biscuits	biscuits
r	l	Apr	92	chocolate macaroons
r	l	Aug	66	chocolate shortbread
r	l	Sep	95	chocolate snowballs
r	l	Sep	96	chocolate swirl rocky road
r	l	Oct	28	dairy-free date & walnut brownies
r	l	Apr	70	double-choc slab
r	l	Dec	144	edible decorations
r	l	Mar	64	fig biscotti & mascarpone cream
r	l	Feb	68	ginger & almond slice
r	l	May	48	Italian pastries (chiacchiere)
r	l	Mar	91	luscious lemon slice
r	l	Sep	107	macadamia biscotti
r	l	Mar	92	macadamia & choc-chip brownies
r	l	Feb	45	oaty choc-chip cookies
r	l	Nov	141	rainbow doves and star wands
r	l	Mar	102	spiced orange biscuits	biscuits
r	l	Apr	95	triple-chocolate brownies
r	l	Sep	96	white chocolate & almond blondies
r	l	Jul	138	basic white rustic loaf
r	l	Jul	141	brown knot rolls with pepitas
r	l	Nov	142	butterfly bread
r	l	Apr	131	cheese & polenta shortcrust pastry base
r	l	Jul	141	cherry & pecan plait
r	l	Feb	110	chilli flatbreads
r	l	Nov	172	date & walnut bread
r	l	Jul	140	feta, tomato & rosemary flowerpot bread
r	l	Mar	94	fluffy buttermilk scones
r	l	May	106	garlic & rosemary focaccia
r	l	Sep	97	gluten-free fruit & nut loaves
r	l	Mar	90	good, simple shortcrust pastry
r	l	May	96	green pasta dough
r	l	Jul	141	olive & thyme focaccia
r	l	Dec	209	pancetta, sage & onion stuffing
r	l	May	47	piadina with stracchino & prosciutto
r	l	Apr	128	shortcrust pastry
r	l	Aug	110	simple shortcrust tart shell
C	c	category:	breakfast
C	c	category:	crepes, pancakes and waffles
r	l	Sep	107	best fruits with mint tea syrup and biscotti
r	l	Sep	109	bircher muesli
r	l	Nov	52	brunch terrine
r	l	Oct	128	toasted muesli
r	l	Oct	132	toasted muesli, mango & yoghurt breakfast parfait
C	c	category:	cakes and muffins
r	l	Jul	102	bitter chocolate & hazelnut cake	cake
r	l	Jul	96	black & white cheesecake	cake
r	l	Sep	40	carrot & honey cake	cake
r	l	Dec	144	Christmas cupcakes	cakes
r	l	Oct	130	dairy-free chocolate & muesli cake	cake
r	l	Apr	72	Easter cupcakes	cakes
r	l	Feb	124	fig & blackberry friands
r	l	Aug	88	flourless chocolate cake	cake
r	l	Mar	94	fluffy buttermilk scones
r	l	May	110	hazelnut & fig cake	cake
r	l	Aug	46	honey-soaked lavender & poppyseed cake	cake
r	l	Oct	104	lemon & saffron teacake	cake
r	l	Aug	102	lemon friands
r	l	Oct	98	lemon yoghurt cupcakes	cakes
r	l	Apr	68	mini Victoria sponge cakes with lemon curd and cream	cakes
r	l	Aug	112	muscat-poached pear & almond cake	cake
r	l	Dec	142	one-pan Christmas cake	cake
r	l	Jun	112	passionfruit sponge cake	cake
r	l	Nov	51	pineapple & coconut upside-down cake	cake
r	l	Nov	138	pink lamington mountains
r	l	Nov	77	raspberry shortcakes with basil cream	cakes
r	l	Dec	188	raspberry, yoghurt & almond cake with mascarpone	cake
r	l	Mar	38	semolina cake with ricotta cream	cake
r	l	Dec	116	spiced madeleines
r	l	Nov	124	strawberry cheesecakes	cakes
r	l	May	102	Venetian carrot cake	cake
r	l	Jul	41	warm pistachio cupcakes	cakes
r	l	Mar	93	white & dark chocolate jaffa cake	cake
r	l	Nov	138	white-choc buttermilk cakes	cakes
r	l	Feb	112	zucchini & pistachio spice cake	cake
C	c	ingredient:	 capsicums
r	l	Feb	104	capsicum & eggplant roulade	capsicum
r	l	Nov	74	grilled swordfish with caponata
r	l	May	41	peperonata
r	l	Feb	91	peppers Piedmontese
r	l	Jul	63	red capsicum relish	capsicum
r	l	Jul	144	roasted capsicum, tomato & coriander soup	capsicum
r	l	Jul	162	roasted sweet capsicums stuffed with goat's cheese	capsicums
r	l	Aug	110	slow-cooked capsicum & tomato	capsicum
C	c	ingredient:	 carrots
r	l	Sep	40	carrot & honey cake	carrot
r	l	Dec	148	glazed carrots	carrots
r	l	Aug	87	roasted carrot salad with cumin	carrot
r	l	Jul	105	slow carrot soup	carrot
r	l	May	102	Venetian carrot cake	carrot
C	c	ingredient:	 cauliflower
r	l	Jun	71	cauliflower cheese	cauliflower
r	l	Jul	136	cauliflower fritters with parmesan	cauliflower
r	l	Aug	65	cauliflower soup with brioche crumbs	cauliflower
r	l	Sep	78	ditali pasta with cauliflower, saffron & tomato cream sauce	cauliflower
r	l	Jun	135	Indian cauliflower & chickpea curry	cauliflower
r	l	Jul	78	lamb with cauliflower tabbouleh	cauliflower
r	l	Jul	137	pan-fried chicken on roast cauliflower with lemon & mustard sauce	cauliflower
C	c	ingredient:	 cheese
r	l	Mar	62	baked ricotta with cherries
r	l	Apr	116	black croque monsieur
r	l	Nov	128	bocconcini, celery, prosciutto & radish salad with mint dressing
r	l	Nov	77	brie-filled sausages with onion marmalade
r	l	Jun	93	bruschetta with mozzarella and anchovies
r	l	Jun	71	cauliflower cheese	cheese
r	l	Jul	136	cauliflower fritters with parmesan
r	l	Dec	124	cheese roulade with herbed goat's feta and grilled capsicum	cheese
r	l	Mar	36	cheesy quiche
r	l	Nov	96	cheesy spaghetti with bacon & peas
r	l	Nov	198	chevre with fig compote
r	l	Nov	217	cucumber rolls stuffed with feta
r	l	May	65	eggplant, tomato & mozzarella gratin
r	l	Oct	90	feta & spinach free-form pie
r	l	Sep	10	feta, tomato & broad bean tarts
r	l	Jul	140	feta, tomato & rosemary flowerpot bread
r	l	Feb	88	fontina cheese & herb toasted sandwiches	cheese
r	l	Mar	42	fried mozzarella with heirloom tomatoes and basil
r	l	Nov	110	goat's cheese tarts with rocket pesto	cheese
r	l	Oct	84	goat's cheese, thyme & onion tart	cheese
r	l	Dec	134	goat's curd tart with strawberries
r	l	Nov	170	golden roasted potatoes with gruyere, smoked bacon and chives
r	l	Apr	107	gorgonzola tortellini with apple & sage butter
r	l	Feb	98	green beans with hot feta dressing
r	l	Apr	131	gruyere & pancetta & herb quiche
r	l	Aug	92	haloumi & mint fatayer
r	l	Nov	45	haloumi & roast beetroot salad
r	l	Dec	183	haloumi & chermoula fritters
r	l	Dec	112	herb & walnut cheese log	cheese
r	l	Apr	12	mascarpone & prosciutto pizza
r	l	Nov	134	mascarpone `zabaglione'
r	l	Oct	94	mixed grill with mozzarella
r	l	Nov	42	mozzarella & pumpkin skewers
r	l	Oct	49	oven-baked ricotta & tomato tarts
r	l	Dec	32	parmesan & coriander pikelets
r	l	Dec	122	parmesan crisps with avocado, chilli and lime
r	l	Dec	239	party savouries
r	l	Nov	152	pecorino with truffled honey
r	l	Feb	91	pizza with ricotta & green tomato
r	l	Sep	68	potted goat's cheese & pesto dip	cheese
r	l	Nov	196	ricotta & cherry mousse
r	l	Mar	70	ricotta & pine nut salad
r	l	Feb	120	ricotta dumplings with orecchiette, peas and prosciutto
r	l	Aug	88	ricotta gnudi & sage brown butter
r	l	Sep	100	ricotta with honey & pickled figs
r	l	Jul	162	roasted sweet capsicums stuffed with goat's cheese	cheese
r	l	Aug	108	ruby chard, cheese & almond tart	cheese
r	l	Feb	84	rustic cheese, egg & bacon pie	cheese
r	l	Apr	131	Stilton & walnut quiche
r	l	Apr	50	twice-baked Roquefort soufflé
r	l	Sep	100	young pecorino, honey & truffle
r	l	Sep	86	zucchini & feta fritters
r	l	Nov	107	zucchini flowers with ricotta & pecorino
C	c	ingredient:	 cherries
r	l	Jul	141	cherry & pecan plait	cherry
r	l	Nov	158	cherry & rose petal jam	cherry
r	l	Feb	88	cherry cordial	cherry
r	l	Mar	35	pancakes with sweetened cheese and cherry compote	cherry
r	l	Nov	196	ricotta & cherry mousse	cherry
r	l	Sep	134	sour-cherry custard tart	cherry
r	l	Feb	110	chervil & egg custard tart with tomato & capsicum salsa
C	c	ingredient:	 chicken
r	l	Apr	136	baked apricot chicken with parsnip and pumpkin	chicken
r	l	May	148	baked chicken & mushroom risotto	chicken
r	l	Feb	29	baked curried chicken & mango	chicken
r	l	Jul	95	buffalo wings
r	l	Jul	88	burghul, pine nut & parsley pilaf with harissa chicken	chicken
r	l	Jun	133	Cajun chicken with avocado salsa	chicken
r	l	Dec	220	chargrilled masala chicken	chicken
r	l	Feb	142	chicken & cashew stir-fry	chicken
r	l	Jun	131	chicken & leek soup	chicken
r	l	Sep	142	chicken & lemon couscous salad	chicken
r	l	May	69	chicken & lemon spaghetti carbonara	chicken
r	l	Aug	134	chicken & pistachio pilaf	chicken
r	l	Oct	46	chicken baked in the bag with fennel and chickpeas	chicken
r	l	May	116	(pollo in padella)
r	l	Oct	80	crisp chicken pieces (karage)	chicken
r	l	Oct	44	the best chicken salad ever	chicken
r	l	May	82	warm Tuscan chicken salad	chicken
r	l	Jul	74	white chilli chicken	chicken
C	c	ingredient:	 chickpeas
r	l	Oct	46	chicken baked in the bag with fennel and chickpeas	chickpeas
r	l	Jul	84	chickpea soup with chilli & tomato	chickpea
r	l	Mar	86	pumpkin & chickpea salad with tahini	chickpea
r	l	Oct	86	spiced chickpeas & cumin potatoes	chickpeas
C	c	category:	chilled desserts
r	l	May	74	Aperol, orange & mint granita
r	l	Sep	72	bay-scented creams with macerated berries
r	l	Feb	116	blackberry parfait
r	l	Oct	54	champagne jelly
r	l	Dec	132	chocolate-coated rum & raisin praline ice cream cake
r	l	Dec	180	chocolate mousse
r	l	Sep	47	chocolate mousse with cornflake crisps
r	l	Nov	88	chocolate peanut butter fudge sundae
r	l	May	118	chocolate tartufo
r	l	Dec	144	Christmas ice cream sundae
r	l	Dec	118	cranberry & cinnamon semifreddo
r	l	Apr	71	creme brulee Easter eggs
r	l	Apr	39	creme caramel
r	l	Nov	122	frozen Mars bar mousse
r	l	Sep	102	hazelnut ice cream with honey
r	l	Jun	119	Hilley's choc bar
r	l	Mar	31	honey & almond semifreddo
r	l	Dec	126	honey crunch semifreddo
r	l	Aug	105	lemon-curd frozen yoghurt
r	l	Nov	122	lime & coconut ice cream
r	l	Dec	88	lime pannacotta with fruit skewers and passionfruit sauce
r	l	Oct	105	lychee sorbet with ginger fingers
r	l	Nov	90	mango split
r	l	Dec	160	mince pie ice cream
r	l	Oct	102	mocha tiramisu
r	l	Oct	132	muesli-coated vanilla gelato balls
r	l	Dec	131	peach & moscato granita
r	l	Nov	124	peach Melbas
r	l	Feb	42	pineapple carpaccio & mint sugar
r	l	Mar	106	plum, blackberry & lemon verbena compote
r	l	Mar	108	plum sherbet
r	l	Mar	102	raisins in sherry with ice cream
r	l	Mar	87	turron & coffee ice cream
r	l	Nov	154	vanilla-bean semifreddo
C	c	ingredient:	 chilli
r	l	Dec	116	chilli & garlic broccolini	chilli
r	l	Jun	101	chilli bean soup	chilli
r	l	Nov	100	chilli beef on avocado	chilli
r	l	Aug	141	chilli beef with chickpeas	chilli
r	l	Nov	234	chilli dogs	chilli
r	l	Dec	78	chilli-dressed salmon with Thai cucumber salad	chilli
r	l	Feb	110	chilli flatbreads	chilli
r	l	Dec	96	chilli roast potatoes	chilli
r	l	Feb	94	coriander & chilli chicken skewers	chilli
r	l	Jun	102	dumplings in chilli oil	chilli
r	l	Nov	169	Espelette pepper jelly
r	l	Dec	106	hot chilli sauce	chilli
r	l	Jul	74	white chilli chicken	chilli
C	c	ingredient:	 chocolate
r	l	Jul	102	bitter chocolate & hazelnut cake	chocolate
r	l	Dec	170	bitter chocolate & marmalade tart	chocolate
r	l	Mar	70	blond mocha sauce
r	l	Mar	86	chocolate & apricot tart	chocolate
r	l	Aug	65	chocolate bread & butter pudding	chocolate
r	l	Nov	124	chocolate caramel tarts	chocolate
r	l	Dec	132	chocolate-coated rum & raisin praline ice cream cake	chocolate
r	l	Apr	96	chocolate-filled french toast	chocolate
r	l	Apr	92	chocolate macaroons	chocolate
r	l	Jul	64	chocolate marquise on vanilla anglaise with toasted pistachios	chocolate
r	l	Apr	92	chocolate meringues with hazelnut cream	chocolate
r	l	Dec	180	chocolate mousse	chocolate
r	l	Sep	47	chocolate mousse with cornflake crisps	chocolate
r	l	Nov	88	chocolate peanut butter fudge sundae	chocolate
r	l	Apr	95	chocolate rice pudding	chocolate
r	l	Dec	90	chocolate sauce	chocolate
r	l	Aug	66	chocolate shortbread	chocolate
r	l	Sep	95	chocolate snowballs	chocolate
r	l	Sep	96	chocolate swirl rocky road	chocolate
r	l	May	118	chocolate tartufo	chocolate
r	l	Dec	180	chocolate torte	chocolate
r	l	Oct	130	dairy-free chocolate & muesli cake	chocolate
r	l	Apr	70	double-choc slab
r	l	Apr	72	Easter cupcakes
r	l	Aug	88	flourless chocolate cake	chocolate
r	l	Nov	122	frozen Mars bar mousse
r	l	Mar	94	ganache
r	l	Jun	119	Hilley's choc bar
r	l	Mar	92	macadamia & choc-chip brownies
r	l	Apr	95	poached pears & chocolate sauce	chocolate
r	l	Dec	128	rum balls
r	l	Oct	72	self-saucing chocolate pudding	chocolate
r	l	Dec	116	spiced madeleines with warm chocolate sauce	chocolate
r	l	Apr	95	triple-chocolate brownies	chocolate
r	l	May	78	warm baked chocolate	chocolate
r	l	Mar	93	white & dark chocolate jaffa cake	chocolate
r	l	Nov	138	white-choc buttermilk cakes
r	l	Sep	96	white chocolate & almond blondies	chocolate
C	c	ingredient:	 corn
r	l	Dec	104	barbecued corn salad	corn
r	l	Dec	94	corn cakes with homemade sweet chilli sauce	corn
r	l	Mar	140	corn, bacon & chive frittata	corn
r	l	Jun	101	Thai corn fritters	corn
C	c	ingredient:	 couscous
r	l	Nov	71	chermoula fish with couscous	couscous
r	l	Sep	142	chicken & lemon couscous salad	couscous
r	l	Aug	80	couscous & cannellini bean burgers	couscous
r	l	Oct	97	couscous with harissa beef	couscous
r	l	Jun	98	couscous with toasted almonds	couscous
r	l	Sep	38	good fish and couscous	couscous
r	l	Dec	154	turkey, couscous salad & spicy green olive pesto pitas	couscous
C	c	category:	crepes, pancakes and waffles
r	l	Aug	71	apple caramel Calvados crepes	crepes
r	l	Sep	106	banana buttermilk pancakes	pancakes
r	l	Mar	129	blueberry or choc-chip flapjacks
r	l	Mar	128	pancakes with lemon and sugar	pancakes
r	l	Mar	35	pancakes with sweetened cheese and cherry compote	pancakes
r	l	Dec	32	parmesan & coriander pikelets
r	l	Sep	135	pear & blueberry waffles with chocolate sauce and custard	waffles
r	l	Mar	129	pikelets with smoked trout
r	l	Jun	63	salmon pearl purses
r	l	Mar	129	spinach & ricotta pancake cannelloni	pancake
r	l	Mar	129	Venetian pancakes with raisins	pancakes
r	l	May	75	waffles with brandied pears, walnuts & wild-flower honey	waffles
C	c	ingredient:	 cucumber
r	l	Dec	78	chilled cucumber soup shots with spicy crab	cucumber
r	l	Feb	57	chilled spicy cucumber salad	cucumber
r	l	Nov	217	cucumber rolls stuffed with feta	cucumber
r	l	Nov	167	cucumber, spring onion & goat's cheese salad `Le Cinq Mars'	cucumber
r	l	Oct	51	gai yang with Thai cucumber salad	cucumber
C	c	category:	curries
r	l	Feb	29	baked curried chicken & mango	curried
r	l	Aug	141	beef vindaloo
r	l	Aug	42	curried parsnip soup	curried
r	l	Jul	76	fragrant fish curry	curry
r	l	Dec	167	Goan snapper curry	curry
r	l	Jun	135	Indian cauliflower & chickpea curry	curry
r	l	Dec	85	mango & tomato curry	curry
r	l	Aug	78	massaman duck curry	curry
r	l	Dec	219	red curry beef & bok choy stir-fry	curry
C	c	category:	desserts
r	l	May	76	chilled desserts; meringues and pavlovas aged grappa & prune pudding	desserts
r	l	Feb	68	almond jelly with fruit
r	l	Aug	66	apple, berry & port crumble
r	l	Jul	56	apple, butterscotch & fig puddings
r	l	Apr	108	apple crumble
r	l	Aug	40	apple tart with nutty frangipane
r	l	Aug	71	apricot & apple charlotte
r	l	Jun	110	baked brown-sugar custard with fresh dates
r	l	Feb	104	baked custard with coffee jelly
r	l	Aug	104	baked orange creams
r	l	Jun	95	baked rhubarb with orange
r	l	Mar	62	baked ricotta with cherries
r	l	Dec	150	baked treacle, stem ginger & blackberry pudding
r	l	Sep	119	caramelised Indian rice pudding
r	l	Aug	65	chocolate bread & butter pudding
r	l	Apr	95	chocolate rice pudding
r	l	Dec	180	chocolate torte
r	l	Apr	145	fig pudding with carob sauce
r	l	Feb	124	figs in blackberry syrup
r	l	Sep	135	floating islands with almond praline
r	l	Feb	98	grilled brown sugar peaches with orange blossom yoghurt
r	l	Dec	108	grilled pineapple with rum, ginger & lemongrass syrup
r	l	Jun	65	honey & date creme brulee
r	l	Apr	120	hot baked fruits with butterscotch cream
r	l	May	94	Italian trifle
r	l	Aug	102	lemon jelly
r	l	Jul	24	lemon puddings
r	l	Nov	122	Middle Eastern rice pudding
r	l	Jun	66	orange-blossom water mille-feuille
r	l	Nov	124	passionfruit soufflé
r	l	Nov	122	quick brioche & apple tarts
r	l	Sep	81	red wine zabaglione
r	l	Apr	40	rhubarb and custard
r	l	Oct	72	self-saucing chocolate pudding
r	l	Jun	36	sticky roasted pears
r	l	Sep	135	strawberry & custard trifles
r	l	Nov	134	strawberries in red wine syrup with mascarpone `zabaglione'
r	l	Nov	142	strawberry delight with fairy floss
r	l	May	79	Torta di Verona
r	l	Jun	74	treacle tart with ice cream
r	l	Apr	70	trifle tart
r	l	Oct	106	velvety orange creams
r	l	Aug	96	walnut baklava
r	l	Aug	12	winter pavlova with quince and cinnamon cream
r	l	Oct	134	yoghurt, passionfruit & banana Eton mess
C	c	category:	dressings and sauces
r	l	Oct	94	dips and spreads aioli
r	l	Feb	102	apple raita
r	l	May	96	basic tomato sauce	sauce
r	l	Mar	70	blond mocha sauce	sauce
r	l	Dec	90	chocolate sauce	sauce
r	l	Nov	169	creamy lemon-chive dressing	dressing
r	l	Nov	169	Espelette pepper jelly
r	l	Feb	98	harissa
r	l	Jun	87	herb butter
r	l	Nov	180	hoisin dipping sauce	sauce
r	l	Dec	106	hot chilli sauce	sauce
r	l	Jul	95	kickass barbecue sauce	sauce
r	l	Apr	102	lemon mayonnaise
r	l	Dec	178	Lisbon paste
r	l	Dec	115	make-ahead marsala gravy
r	l	Jul	64	vanilla anglaise
r	l	Sep	132	vanilla custard
C	c	category:	drinks
r	l	Jun	63	blood plum & rosewater martini
r	l	Sep	108	bloodiest mary
r	l	Feb	88	cherry cordial
r	l	Jul	52	cranberry & rum warmer
r	l	Nov	30	exquisite fusion cocktail
r	l	Dec	112	iced eggnog
r	l	Feb	108	kiwi, lime & mint cooler
r	l	Apr	101	lemonade
r	l	Apr	116	pom-pom cocktails
r	l	Sep	68	pomegranate Pimms
r	l	Mar	62	rhubarb mojito
r	l	Nov	80	strawberry vodka cup
r	l	Dec	106	tequila bloody mary
r	l	Aug	66	whisky nightcap
C	c	ingredient:	 eggplant
r	l	May	171	caponata
r	l	Feb	104	capsicum & eggplant roulade	eggplant
r	l	Feb	94	chargrilled eggplant dip	eggplant
r	l	Oct	135	eggplant & lentil salad with yoghurt dressing	eggplant
r	l	Sep	80	eggplants stuffed with fried onions, tomato and chilli (imam bayildi)	eggplants
r	l	Nov	130	eggplant timballo	eggplant
r	l	May	65	eggplant, tomato & mozzarella gratin	eggplant
r	l	Jun	78	fettuccine with ratatouille
r	l	Oct	94	mixed grill with mozzarella
r	l	Feb	57	steamed eggplant salad	eggplant
C	c	category:	eggs
r	l	Apr	39	coddled eggs	eggs
r	l	Mar	140	corn, bacon & chive frittata
r	l	Apr	79	egg & bacon pizzas	egg
r	l	Mar	89	egg, leek & bacon pie	egg
r	l	Dec	133	eggnog brulee tart
r	l	Dec	158	ham, cheese & pea frittata
r	l	Dec	112	iced eggnog
r	l	Nov	132	little zucchini & basil frittatas
r	l	Feb	82	Moroccan eggs	eggs
r	l	Sep	108	open omelette with ciabatta, mozzarella and basil oil
r	l	Sep	52	poached eggs with asparagus and parmesan	eggs
r	l	Apr	72	quail egg & salmon tarts	egg
r	l	Feb	57	soft-boiled eggs with tomato, chilli & mint salad	eggs
r	l	Feb	122	Spanish eggs, spinach & prawns	eggs
r	l	Sep	37	spring vegetable frittata
r	l	Jun	134	stuffed Asian omelette
C	c	ingredient:	 figs
r	l	Feb	124	fig & blackberry friands	fig
r	l	Nov	160	fig & vanilla jam	fig
r	l	Mar	64	fig biscotti & mascarpone cream	fig
r	l	Apr	145	fig pudding with carob sauce	fig
r	l	Dec	54	fig salad with cranberry jelly	fig
r	l	Feb	124	figs in blackberry syrup	figs
C	c	category:	fish
r	l	Oct	34	angel-hair pasta with salmon, tomato petals and basil
r	l	Dec	274	Baja-style fish taco	fish
r	l	Jul	142	baked maple-glazed salmon
r	l	Sep	38	baked salmon fish fingers	fish
r	l	Sep	84	baked salmon with pesto potatoes
r	l	Sep	146	barbecued fish with noodle salad	fish
r	l	Jul	102	blue-eye & clams with hazelnuts
r	l	May	158	blue-eye baked in a bag with cannellini beans, tomato and fennel
r	l	Nov	150	bottarga-crusted tuna
r	l	Nov	74	chargrilled swordfish & caponata	fish
r	l	Nov	71	chermoula fish kebabs & couscous	fish
r	l	Dec	78	chilli-dressed salmon with Thai cucumber salad
r	l	Oct	139	citrus fish salad with rye	fish
r	l	Apr	43	crisp-skinned salmon with olive butter
r	l	Jun	26	crispy flounder & chilli ponzu sauce
r	l	Nov	218	crispy skinned snapper with cucumber & tamarind pickle
r	l	Apr	118	salmon with red-wine lentils and beetroot
r	l	Aug	76	salmon with tomato & lime salsa
r	l	Apr	86	sashimi of flathead, salmon, tuna and kingfish	fish
r	l	Sep	117	slow-poached tuna with lemon and artichokes
r	l	May	102	smoked fish risotto	fish
r	l	Feb	131	smoked ocean trout and mesclun with creme fraiche & dill sauce
r	l	Feb	80	smoked salmon & pea risoni with coriander mojo
r	l	Nov	202	smoked salmon rice balls
r	l	Nov	40	smoked salmon rolls
r	l	Aug	38	smoked salmon with beetroot, watercress & horseradish
r	l	Nov	40	smoked trout & potato lettuce cups
r	l	Oct	42	smoked trout & potato salad
r	l	Apr	140	smoked trout pasta bake
r	l	Apr	141	smoked trout, potato & cherry tomato salad
r	l	Dec	176	snapper cakes
r	l	Feb	74	snapper on the bars with fennel, tomato & spring onion sauce vierge
r	l	Jun	94	snapper with potatoes, white wine & thyme
r	l	Mar	116	soy fish with spring onion and ginger	fish
r	l	Nov	96	swordfish with Italian parsley salad	fish
r	l	Mar	114	Thai-spiced grilled mackerel
r	l	Feb	80	Thai-style bouillabaisse
r	l	Mar	114	trout brandade with pumpernickel crisps
r	l	Nov	204	tuna & avocado inside-out maki
r	l	Sep	78	tuna carpaccio with mustard dressing, capers, tomato and mint
r	l	Apr	137	tuna, lemon & avocado salad
r	l	Nov	94	tuna pilau
r	l	Jun	86	tuna steaks & Cafe de Paris butter
r	l	Nov	71	tuna-stuffed tomatoes
r	l	Oct	72	tuna, tomato & olive pasta
r	l	Dec	82	wasabi-coated salmon with cucumber salad
r	l	Jul	61	white fish on mashed potato with lemon butter sauce	fish
r	l	Mar	114	whole fish in crazy water	fish
C	c	category:	fruits
r	l	Sep	107	best fruits with mint tea syrup and biscotti	fruits
r	l	Apr	120	hot baked fruits with butterscotch cream	fruits
r	l	Dec	126	muscat-poached fruits	fruits
r	l	Mar	106	plum, blackberry & lemon verbena compote
r	l	Nov	172	seasonal fruits with honey-lemon sauce	fruits
C	c	ingredient:	 garlic
r	l	Oct	94	aioli
r	l	Dec	116	chilli & garlic broccolini	garlic
r	l	May	106	garlic & rosemary focaccia	garlic
r	l	May	67	garlic green beans	garlic
r	l	Nov	74	garlic prawns with provençale mayonnaise	garlic
r	l	Oct	41	avocado, pancetta & pine nut salad
r	l	Jul	78	BLT risotto
r	l	May	100	fish fillets baked in prosciutto
r	l	Dec	158	ham, cheese & pea frittata
r	l	Dec	154	ham reuben sandwiches
r	l	Dec	116	kumara, pancetta & parmesan mash
r	l	May	45	linguine all'amatriciana
r	l	Dec	209	pancetta, sage & onion stuffing
r	l	Jun	70	pea & ham soup
r	l	May	68	prosciutto, goat's cheese & roast capsicum pizza
r	l	Jun	93	spaghetti with prosciutto, peas & spring onion
r	l	Dec	148	warm baked ham
r	l	Dec	156	white bean & ham polpettine
r	l	Nov	180	hoisin dipping sauce
C	c	ingredient:	 honey
r	l	Apr	32	Greek honey-dipped pastries	honey
r	l	Mar	31	honey & almond semifreddo	honey
r	l	Jun	65	honey & date creme brulee	honey
r	l	Dec	126	honey crunch semifreddo	honey
r	l	Aug	46	honey-soaked lavender & poppyseed cake	honey
r	l	Sep	100	pecorino with honey and truffle	honey
r	l	May	75	waffles with brandied pears, walnuts & wild-flower honey	honey
r	l	Nov	160	fig & vanilla jam
r	l	Aug	105	lemon curd
r	l	Nov	162	peach jam
r	l	Mar	106	pickled plums
r	l	Apr	102	preserved lemons
r	l	Nov	157	simple strawberry jam
C	c	ingredient:	 kumara
r	l	Dec	116	kumara, pancetta & parmesan mash	kumara
r	l	Sep	44	roasted kumara with parsley, smoked paprika & macadamia pesto	kumara
r	l	Oct	97	Thai mussels with kumara	kumara
C	c	ingredient:	 lamb
r	l	Nov	86	Anglo-Asian lamb salad	lamb
r	l	Jun	78	baked lamb & apricot couscous	lamb
r	l	Oct	52	barbecued lamb steaks with cucumber & yoghurt relish	lamb
r	l	Jul	55	braised lamb with ginger & black bean sauce	lamb
r	l	Feb	66	char siu lamb with cucumber dressing	lamb
r	l	Feb	104	chargrilled Barossa milk-fed lamb	lamb
r	l	Apr	134	chargrilled lamb with bean, potato & watercress salad	lamb
r	l	May	156	citrus lamb cutlets with low-fat polenta	lamb
r	l	Mar	36	grilled lamb cutlets with cheesy polenta	lamb
r	l	Nov	46	grilled lamb with charred broccolini and cured lemon	lamb
r	l	Mar	78	homestyle doner kebab
r	l	Jul	44	lamb & red wine casserole	lamb
r	l	Apr	80	lamb biryani	lamb
r	l	Mar	44	lamb burgers with gruyere & onion confit	lamb
r	l	Nov	207	lamb cutlets with white & green bean salad	lamb
r	l	Sep	141	lamb fillets with chargrilled eggplant and garlic sauce	lamb
r	l	May	116	lamb with spinach alla Romana	lamb
r	l	Jun	64	lamb tagine with prunes, almonds and caramelised onion	lamb
r	l	Jul	78	lamb with cauliflower tabbouleh	lamb
r	l	Oct	138	lemon thyme lamb with fennel & parsley quinoa	lamb
r	l	Jun	94	marinated grilled lamb	lamb
r	l	Jun	98	Moroccan lamb harira	lamb
r	l	Aug	74	Moroccan lamb pan-fry	lamb
r	l	Feb	97	oregano, garlic & lemon lamb cutlets	lamb
r	l	May	124	pan-fried lamb with white beans and anchovy	lamb
r	l	Dec	224	Persian lamb fillets with green pea & saffron rice	lamb
r	l	May	67	slow-braised lamb with cheesy polenta	lamb
r	l	Apr	108	slow-cooked lamb shoulder & pumpkin agrodolce	lamb
r	l	Nov	151	slow-roasted spring lamb with broccolini	lamb
r	l	Nov	76	spiced lamb cutlet salad with Thai dressing	lamb
r	l	Nov	74	spicy burger with curry-leaf raita
C	c	ingredient:	 lemon
r	l	Sep	93	biscuit men with lemon icing	lemon
r	l	Oct	105	classic lemon tart	lemon
r	l	Nov	169	creamy lemon-chive dressing	lemon
r	l	Nov	78	lemon & blueberry trifle	lemon
r	l	Dec	115	lemon & parsley pangrattato	lemon
r	l	May	150	lemon & pine nut rice with roast capsicum (risi al pinoli)	lemon
r	l	Oct	104	lemon & saffron teacake	lemon
r	l	Aug	105	lemon curd	lemon
r	l	Aug	105	lemon-curd frozen yoghurt	lemon
r	l	Aug	102	lemon friands	lemon
r	l	Oct	70	lemon herb squid	lemon
r	l	Aug	102	lemon jelly	lemon
r	l	Apr	102	lemon mayonnaise	lemon
r	l	Aug	104	lemon meringue puddings	lemon
r	l	Jul	24	lemon puddings	lemon
r	l	Sep	72	lemon roast potatoes	lemon
r	l	Oct	138	lemon thyme lamb with fennel & parsley quinoa	lemon
r	l	Oct	98	lemon yoghurt cupcakes	lemon
r	l	Apr	101	lemonade
r	l	Mar	91	luscious lemon slice	lemon
r	l	Apr	68	mini Victoria sponge cakes with lemon curd and cream	lemon
r	l	Sep	80	Moroccan chicken with preserved lemon and olives	lemon
r	l	Apr	102	preserved lemons	lemons
r	l	Sep	117	slow-poached tuna with lemon and artichokes	lemon
C	c	ingredient:	 lemongrass
r	l	Nov	180	lemongrass & chilli chicken	lemongrass
r	l	Jul	55	lemongrass & coconut chicken on egg noodles	lemongrass
r	l	Jun	132	lemongrass, coconut & chilli mussels	lemongrass
C	c	ingredient:	 lentils
r	l	Jul	84	dahl with tamarind and lime
r	l	Oct	135	eggplant & lentil salad with yoghurt dressing	lentil
r	l	Jun	136	lentil, pancetta & spinach soup	lentil
r	l	Apr	118	salmon with red-wine lentils and beetroot	lentils
r	l	Jul	87	warm Puy-style lentils with pork & fennel sausages	lentils
C	c	ingredient:	 lime
r	l	Nov	122	lime & coconut ice cream	lime
r	l	Dec	88	lime pannacotta with fruit skewers and passionfruit sauce	lime
r	l	Dec	98	lime tart with fresh passionfruit	lime
C	c	ingredient:	 mangoes
r	l	Feb	29	baked curried chicken & mango	mango
r	l	Dec	86	mango & lemongrass tart with coconut pastry	mango
r	l	Dec	85	mango & tomato curry	mango
r	l	Nov	90	mango split	mango
r	l	Oct	132	toasted muesli, mango & yoghurt breakfast parfait	mango
r	l	Apr	92	chocolate meringues with hazelnut cream
r	l	Oct	73	classic pavlova with berry coulis
r	l	Sep	135	floating islands with almond praline
r	l	Aug	104	lemon meringue puddings
r	l	Dec	136	pavlova with white chocolate cremoso
r	l	Nov	144	pink meringues with rose-scented cream
r	l	Jun	65	rhubarb & rosewater pink pavlova
r	l	Nov	114	vanilla meringues and panna cotta with raspberry-poached tamarillos
r	l	Aug	12	winter pavlova with quince and cinnamon cream
C	c	ingredient:	 mushrooms
r	l	Jul	38	lasagne of mushroom & fontina	mushroom
r	l	May	70	mushroom, mascarpone & tarragon tart	mushroom
r	l	May	37	mushroom pizzetta	mushroom
r	l	May	38	mushroom stroganoff soup	mushroom
r	l	Mar	134	oyster mushroom & noodle stir-fry	mushroom
r	l	Jun	116	porcini & potato soup
r	l	Oct	71	rib-eye steaks with mushroom sauce and pea mash	mushroom
r	l	Oct	78	shiitake mushroom rice	mushroom
r	l	Sep	110	Swiss brown mushrooms on toast with goat's curd and vino cotto	mushrooms
r	l	Aug	154	wild mushroom risotto	mushroom
C	c	ingredient:	 nuts
r	l	Feb	68	almond jelly with fruit
r	l	Nov	141	brown sugar & hazelnut cookies (rainbow doves and star wands)	nut
r	l	Jun	98	couscous with toasted almonds
r	l	Nov	172	date & walnut bread	nut
r	l	Feb	68	ginger & almond slice
r	l	May	110	hazelnut & fig cake	nut
r	l	Sep	102	hazelnut ice cream with honey	nut
r	l	Dec	112	herb & walnut cheese log	nut
r	l	Sep	107	macadamia biscotti
r	l	Jul	101	pan-fried veal hazelnut picada	nut
r	l	Mar	84	pine nut, raisin & dill pilav	nut
r	l	Aug	76	satay pork pies
r	l	Feb	64	soy nuts	nuts
r	l	Dec	130	spiced candied nuts	nuts
r	l	Aug	96	walnut baklava	nut
r	l	Jul	41	warm pistachio cupcakes
C	c	ingredient:	 onions
r	l	Aug	94	braised silverbeet with crisp onions and tahini sauce	onions
r	l	Feb	112	roasted onion, capsicum & sundried olive salad	onion
r	l	Jun	80	spiced onion naan with lentil salad	onion
C	c	ingredient:	 orange
r	l	Aug	104	baked orange creams	orange
r	l	May	92	braised duck with dried orange and almonds	orange
r	l	Aug	101	choc-orange biscuits	orange
r	l	Jun	66	orange-blossom water mille-feuille	orange
r	l	Aug	103	orange-curd tartlets	orange
r	l	Jun	63	orange-dust tiger prawns with artichoke salad	orange
r	l	Mar	102	spiced orange biscuits	orange
r	l	Oct	106	velvety orange creams	orange
C	c	ingredient:	 passionfruit
r	l	Dec	88	lime pannacotta with fruit skewers and passionfruit sauce	passionfruit
r	l	Dec	98	lime tart with fresh passionfruit	passionfruit
r	l	Nov	124	passionfruit soufflé	passionfruit
r	l	Jun	112	passionfruit sponge cake	passionfruit
r	l	Oct	134	yoghurt, passionfruit & banana Eton mess	passionfruit
C	c	ingredient:	 pasta
r	l	Oct	34	angel-hair pasta with salmon, tomato petals and basil	pasta
r	l	Aug	64	braised duck tagliatelle
r	l	Aug	130	bucatini & garlic prawns
r	l	May	116	cart-driver's pasta	pasta
r	l	May	82	cheat's vegetarian lasagne
r	l	Nov	96	cheesy spaghetti with bacon & peas
r	l	May	69	chicken & lemon spaghetti carbonara
r	l	Sep	68	chicken tortellini with lemon butter sauce
r	l	May	155	crab & capsicum linguine
r	l	Oct	86	crispy gnocchi with olive and tomato
r	l	Sep	78	ditali pasta with cauliflower, saffron & tomato cream sauce	pasta
r	l	Jun	78	fettuccine with ratatouille
r	l	Aug	136	spiced pork with chilli pasta	pasta
r	l	Aug	50	spinach & egg yolk ravioli
r	l	Feb	36	stracci with quick cherry tomato sauce
r	l	Mar	76	tagliatelle with mushroom, bacon & walnut sauce
r	l	Nov	152	trofie pasta with crab and tomato	pasta
r	l	Oct	72	tuna, tomato & olive pasta	pasta
r	l	May	161	warm gnocchi, spicy Italian sausage & spinach salad
C	c	category:	pies
r	l	Aug	141	beef & potato pies	pies
r	l	May	162	beef pie with gnocchi topping
r	l	Jul	36	brisket cottage pie
r	l	Aug	63	chicken, ham & potato pie
r	l	Mar	74	Chinese chicken pies	pies
r	l	Mar	89	egg, leek & bacon pie
r	l	Oct	90	feta & spinach free-form pie
r	l	Jun	31	proper pork pies	pies
r	l	Feb	84	rustic cheese, egg & bacon pie
r	l	Aug	76	satay pork pies	pies
r	l	Jun	10	spicy beef, olive & onion pie
r	l	May	38	steak & mushroom pie
r	l	Mar	89	upside-down tomato & basil pie
C	c	ingredient:	 pineapple
r	l	Dec	108	grilled pineapple with rum, ginger & lemongrass syrup	pineapple
r	l	Nov	51	pineapple & coconut upside-down cake	pineapple
r	l	Feb	42	pineapple carpaccio with minty sugar	pineapple
r	l	Jul	108	roasted pineapple	pineapple
C	c	ingredient:	 plums
r	l	Jun	63	blood plum & rosewater martini	plum
r	l	May	73	blood-plum jam & grappa crostata	plum
r	l	Mar	106	pickled plums	plums
r	l	Mar	108	plum sherbet	plum
C	c	ingredient:	 polenta
r	l	Apr	131	cheese & polenta shortcrust pastry base	polenta
r	l	May	156	citrus lamb cutlets with low-fat polenta	polenta
r	l	Aug	128	polenta & herb-crusted barramundi	polenta
r	l	Aug	129	stir-fried vegetables on Asian-style coconut & pumpkin polenta	polenta
C	c	ingredient:	 pork
C	c	ingredient:	 tatoes
C	c	category:	 poultry
r	l	Dec	160	turkey gazpacho salad
r	l	Mar	12	warm duck salad with beetroot and pomegranate
r	l	Mar	106	warm guinea fowl with speck, pickled plums, grapes & hazelnuts
C	c	ingredient:	 pumpkin
r	l	Dec	50	best baked pumpkin	pumpkin
r	l	Mar	76	maple-glazed pumpkin & blue cheese pizzas	pumpkin
r	l	Nov	42	mozzarella & pumpkin skewers	pumpkin
r	l	Mar	86	pumpkin & chickpea salad	pumpkin
r	l	May	118	pumpkin mezzaluna with amaretti	pumpkin
r	l	Jul	76	pumpkin, sage & ricotta lasagne	pumpkin
r	l	Jul	100	roast pumpkin & blood orange salad with toasted hazelnuts	pumpkin
r	l	May	109	rocket & pumpkin salad	pumpkin
C	c	category:	relishes, dips and spreads
r	l	May	106	artichoke pesto
r	l	May	171	caponata
r	l	Feb	94	chargrilled eggplant dip	dip
r	l	Dec	106	coriander & onion salsa
r	l	Oct	52	cucumber & yoghurt relish	relish
r	l	Dec	106	guacamole
r	l	Feb	35	Indian tomato chutney
r	l	Sep	106	palm-sugar butter
r	l	Sep	68	potted goat's cheese & pesto dip	dip
r	l	Jul	63	red capsicum relish	relish
r	l	Dec	106	refried beans
r	l	Sep	110	salsa verde
r	l	Feb	108	split pea & coriander spread	spread
C	c	ingredient:	 rhubarb
r	l	Jun	95	baked rhubarb with orange	rhubarb
r	l	Aug	94	raw winter rhubarb & feta salad	rhubarb
r	l	Jun	65	rhubarb & rosewater pink pavlova	rhubarb
r	l	Apr	40	rhubarb and custard	rhubarb
r	l	Mar	62	rhubarb mojito	rhubarb
C	c	ingredient:	 rice
r	l	Nov	191	asparagus risotto
r	l	Jul	43	beef biryani
r	l	Jul	78	BLT risotto
r	l	Feb	66	caramel rice	rice
r	l	Sep	119	caramelised Indian rice pudding	rice
r	l	May	148	baked chicken & mushroom risotto
r	l	Aug	134	chicken & pistachio pilaf
r	l	Apr	95	chocolate rice pudding	rice
r	l	Jun	141	eggplant, mint & chilli rice with blue-eye	rice
r	l	Aug	32	John Dory with pea risotto
r	l	Apr	80	lamb biryani
r	l	May	150	lemon & pine nut rice with roast capsicum (risi al pinoli)	rice
r	l	Nov	122	Middle Eastern rice pudding	rice
r	l	Oct	88	New Orleans-style `dirty rice'	rice
r	l	Mar	78	pea risotto with prawns
r	l	Mar	84	pine nut, raisin & dill pilav
r	l	Dec	178	Portuguese seafood rice	rice
r	l	Nov	49	prawn jambalaya
r	l	Sep	86	prawn, pea & coconut paella
r	l	Jun	82	rice noodles with chilli meatballs	rice
r	l	May	146	risotto alla Milanese
r	l	May	148	risotto cakes
r	l	Nov	178	roasted rice powder	rice
r	l	Feb	97	saffron pilaf
r	l	May	148	sausage, fennel & red wine risotto
r	l	Oct	78	shiitake mushroom rice	rice
r	l	May	102	smoked fish risotto
r	l	Nov	202	smoked salmon rice balls	rice
r	l	Nov	178	soft rice paper rolls with prawns & pork	rice
r	l	Jun	140	Spanish chicken & chorizo rice	rice
r	l	May	148	squid, tomato & rocket risotto
r	l	Nov	200	sushi rice	rice
r	l	Mar	133	sushi rice & prawn salad	rice
r	l	Dec	158	Thai-style turkey fried rice	rice
r	l	Nov	204	tuna & avocado inside-out maki
r	l	Nov	94	tuna pilau
r	l	Aug	154	wild mushroom risotto
r	l	Oct	88	zucchini kedgeree & tomato salad
C	c	category:	salads
r	l	Nov	86	Anglo-Asian lamb salad	salad
r	l	Nov	206	asparagus, artichoke & grape tomato salad with cottage cheese	salad
r	l	Oct	41	avocado, pancetta & pine nut salad	salad
r	l	Dec	104	barbecued corn salad	salad
r	l	Nov	128	bocconcini, celery, prosciutto & radish salad with mint dressing	salad
r	l	May	66	caesar salad with creamy dressing	salad
r	l	Dec	226	chicken salad with low-fat ranch dressing	salad
r	l	May	153	chicken tenderloins with baby beetroot & ricotta salad	salad
r	l	Feb	57	chilled spicy cucumber salad	salad
r	l	Feb	121	Chinese market salad	salad
r	l	Dec	112	Christmas salad	salad
r	l	Oct	139	citrus fish salad with rye	salad
r	l	Nov	84	crab & avocado salad with Japanese dressing	salad
r	l	Nov	167	cucumber, spring onion & goat's cheese salad	salad
r	l	Aug	110	fennel, pear & pecan salad	salad
r	l	Dec	54	fig salad with cranberry jelly	salad
r	l	Feb	102	grape, rocket & spiced nut salad	salad
r	l	Feb	80	Greek antipasto
r	l	Oct	78	green bean & asparagus salad with sesame dressing	salad
r	l	Nov	45	haloumi & roast beetroot salad	salad
r	l	Nov	86	layered salad with roast quail	salad
r	l	Dec	185	maple roast duck, preserved mandarin & pistachio salad	salad
r	l	Feb	82	Mediterranean smoked chicken & couscous salad	salad
r	l	Sep	71	mixed pea, mint & feta salad	salad
r	l	Dec	53	one-hour cured salmon & asparagus salad	salad
r	l	May	84	panzanella salad with tuna	salad
r	l	Feb	132	pasta, asparagus & tomato salad	salad
r	l	May	151	pear, spinach & prosciutto salad	salad
r	l	Aug	48	poached chicken, rocket & pink grapefruit salad	salad
r	l	Feb	112	potato & fennel salad with chilli yoghurt dressing	salad
r	l	Dec	186	prawn salad with honey basil dressing	salad
r	l	Jul	61	rabbit salad	salad
r	l	Oct	77	rare beef salad with mizuna	salad
r	l	Aug	94	raw winter rhubarb & feta salad	salad
r	l	Mar	70	ricotta & pine nut salad	salad
r	l	Jul	100	roast pumpkin & blood orange salad with toasted hazelnuts	salad
r	l	Aug	87	roasted carrot salad with cumin	salad
r	l	Feb	112	roasted onion, capsicum & sundried olive salad	salad
r	l	May	109	rocket & pumpkin salad	salad
r	l	Oct	109	salad of parsley, capers, olives and tomatoes on bruschetta	salad
r	l	May	122	salad of raw asparagus and celery with anchovy & mint dressing	salad
r	l	Oct	79	salmon salad with miso dressing	salad
r	l	Feb	134	salmon tartare salad on light rye	salad
r	l	Mar	85	seared sirloin salad	salad
r	l	Jul	95	side caesar
r	l	Nov	96	smoked chicken & wild rice salad	salad
r	l	Aug	38	smoked salmon with beetroot, watercress & horseradish
r	l	Oct	42	smoked trout & potato salad	salad
r	l	Apr	141	smoked trout, potato & cherry tomato salad	salad
r	l	Feb	57	soft-boiled eggs with tomato, chilli & mint salad	salad
r	l	Mar	132	soy beef with tatsoi salad	salad
r	l	Jun	80	spiced onion naan with lentil salad	salad
r	l	Feb	68	spinach, mushroom & fennel salad	salad
r	l	Feb	57	steamed eggplant salad	salad
r	l	Feb	130	summer beef salad	salad
r	l	Oct	137	Thai chilli beef & snake bean salad	salad
r	l	Oct	44	the best chicken salad ever	salad
r	l	Apr	137	tuna, lemon & avocado salad	salad
r	l	Dec	160	turkey gazpacho salad	salad
r	l	Dec	230	Vietnamese prawn salad	salad
r	l	Sep	101	Waldorf salad	salad
r	l	Mar	12	warm duck salad with beetroot and pomegranate	salad
r	l	May	161	warm gnocchi & sausage salad	salad
r	l	Mar	106	warm guinea fowl salad with speck, pickled plums & hazelnuts	salad
r	l	May	82	warm Tuscan chicken salad	salad
r	l	Aug	65	watercress, fennel & orange salad	salad
r	l	Mar	100	white anchovy, cos & celery salad	salad
r	l	May	96	winter Caprese salad	salad
r	l	Oct	144	yellow split pea & bean salad	salad
r	l	Sep	48	broad bean crostini with quail egg
r	l	Jul	141	brown knot rolls with pepitas
r	l	Jun	93	bruschetta with mozzarella and anchovies
r	l	Nov	210	chicken pitas with carrot, coriander and chilli mayonnaise
r	l	Apr	96	chocolate-filled french toast
r	l	Aug	80	couscous & cannellini bean burgers
r	l	Aug	85	Cubano sandwich
r	l	Feb	88	fontina cheese & herb toasted sandwiches
r	l	Jul	93	fried oyster po' boy
r	l	Dec	154	ham reuben sandwiches
r	l	Mar	78	homestyle doner kebab
r	l	Nov	190	hot-smoked trout bruschetta
r	l	Mar	44	lamb burgers with gruyere & onion confit
r	l	Jul	141	olive & thyme focaccia
r	l	Jul	63	open porterhouse sandwich
r	l	Feb	124	open steak sandwich
r	l	Sep	88	pissaladiere baguette
r	l	Oct	109	salad of parsley, capers, olives and tomatoes on bruschetta	salad
r	l	Jul	95	salmon burger with avocado salsa
r	l	Apr	68	sandwiches in breadboxes
r	l	Sep	42	sesame lime chicken burger
r	l	Nov	74	spicy burger with curry-leaf raita
r	l	Apr	47	Swedish meatball sandwich
r	l	Sep	110	Swiss brown mushrooms on toast with goat's curd and vino cotto
r	l	Mar	100	tomato-rubbed bread with jamon, manchego and olives
r	l	Dec	154	turkey, couscous salad & spicy green olive pesto pitas	salad
r	l	Jul	52	warm veal, sage & mozzarella panini
C	c	ingredient:	 sausage
r	l	Jun	110	bangers & mash with onion gravy
r	l	Nov	77	brie-filled sausages with onion marmalade	sausages
r	l	May	84	chicken sausages with white-wine beans	sausages
r	l	Nov	234	chilli dogs
r	l	Mar	41	crisp filo tart with chorizo & feta
r	l	Aug	120	homemade pork sausages	sausages
r	l	Dec	176	Portuguese beans with chargrilled chorizo
r	l	May	148	sausage & red wine risotto	sausage
r	l	Jun	82	sausages with potato rosti bake	sausages
r	l	Apr	80	Spanish chicken with spicy sausage	sausage
r	l	Aug	78	spicy sausage hotpot	sausage
r	l	Mar	98	tomato & chorizo salad
r	l	May	92	warm sausage & polenta terrine	sausage
C	c	category:	seafood
r	l	Nov	194	barbecued piri piri prawns
r	l	Jul	102	blue-eye and clams with toasted hazelnuts
r	l	Aug	130	bucatini & garlic prawns
r	l	Mar	100	chargrilled baby octopus with sherry vinegar dressing
r	l	Apr	85	clear soup with prawns
r	l	Jun	108	Coquilles St Jacques
r	l	Nov	108	crab cakes
r	l	Nov	84	crab salad with Japanese dressing
r	l	May	155	crab & capsicum linguine
r	l	Dec	222	cuttlefish & white-bean tabbouleh
r	l	Jul	93	fried oyster po' boy
r	l	Nov	74	garlic prawns with provençale mayonnaise
r	l	Dec	230	Vietnamese prawn salad
r	l	May	67	doughs and pastries slow-braised lamb with cheesy polenta
r	l	Jun	131	chicken & leek soup
r	l	Jun	130	chicken tortellini in broth
r	l	Jun	129	chicken stock
r	l	Jul	84	chickpea soup with onion, green chilli and tomato
r	l	Dec	78	chilled cucumber soup shots with spicy crab
r	l	Dec	122	chilled soup of roasted summer vegetables
r	l	Jun	101	chilli bean soup
r	l	Apr	133	Chinese vegetable broth & noodles
r	l	Apr	85	clear soup with prawns
r	l	Jun	131	cream of chicken soup
r	l	Aug	42	curried parsnip soup
r	l	Apr	85	dashi stock
r	l	Jul	54	fish & chat potato chowder
r	l	Mar	113	fish minestrone
r	l	Oct	95	floating market fish soup
r	l	Sep	162	fresh borlotti bean & spring vegetable soup
r	l	Mar	138	Greek bean & silverbeet stew
r	l	Aug	120	green leaf & pea soup
r	l	Nov	167	heirloom tomato broth
r	l	Jun	102	hot & sour soup
r	l	Jun	136	lentil, pancetta & spinach soup
r	l	Jun	101	minestrone
r	l	Jul	36	mulligatawny soup
r	l	May	38	mushroom stroganoff soup
r	l	Oct	110	parsley soup
r	l	Jun	70	pea & ham soup
r	l	Jun	131	poached chicken in Asian broth
r	l	Jun	116	porcini & potato soup
r	l	Mar	141	quick chicken & corn soup
r	l	Jul	144	roasted capsicum, tomato & coriander soup
r	l	Jun	42	seafood stew	seafood
r	l	Jul	105	slow carrot soup
r	l	Jun	98	Thai chicken & coconut soup
r	l	Aug	74	Thai chicken & corn chowder
r	l	Apr	76	Thai prawn broth
r	l	Feb	80	Thai-style bouillabaisse
r	l	May	107	white bean soup with bay leaves and pancetta
r	l	Aug	133	yellow split pea soup
r	l	Aug	50	spinach & egg yolk ravioli
r	l	Mar	129	spinach & ricotta pancake cannelloni
r	l	Feb	68	spinach, mushroom & fennel salad
r	l	Oct	79	spinach ohitashi
r	l	Jun	144	steamed pork buns
r	l	Jun	36	sticky roasted pears
r	l	Jul	106	sticky short pork ribs
r	l	Jun	134	stuffed Asian omelette
r	l	Dec	98	sugar snap peas with fried eschalots
r	l	Aug	40	apple & frangipane tart
C	c	ingredient:	 spinach
r	l	Apr	12	mascarpone, prosciutto & rocket pizza
r	l	Apr	131	mini banoffee tarts
r	l	May	70	mushroom, mascarpone & tarragon tart
r	l	May	37	mushroom pizzetta
r	l	Aug	103	orange-curd tartlets
r	l	Oct	49	oven-baked ricotta & tomato tarts
r	l	Dec	239	party savouries
r	l	Feb	91	pizza with ricotta & green tomato
r	l	Mar	135	vegetarian pastry pizzas
C	c	ingredient:	 tomato
r	l	May	96	basic tomato sauce	tomato
r	l	Sep	80	eggplants stuffed with onions, tomato and chilli	tomato
r	l	Mar	42	fried mozzarella with heirloom tomatoes and basil	tomatoes
r	l	Nov	167	heirloom tomato broth	tomato
r	l	Feb	35	Indian tomato chutney	tomato
r	l	Dec	85	mango & tomato curry	tomato
r	l	Dec	125	platter of tomatoes	tomatoes
r	l	Aug	110	slow-cooked red capsicums & tomatoes	tomatoes
r	l	Feb	36	stracci with quick cherry tomato sauce	tomato
r	l	Jul	146	sundried tomato pesto & artichoke pizza	tomato
r	l	Mar	98	tomato & chorizo salad	tomato
r	l	Apr	130	tomato & red onion tart	tomato
r	l	Mar	100	tomato-rubbed bread, jamon, manchego & olives	tomato
r	l	Nov	71	tuna-stuffed tomatoes	tomatoes
r	l	Mar	89	upside-down tomato pie	tomato
r	l	May	96	winter Caprese salad
C	c	ingredient:	 vanilla
r	l	Jul	64	vanilla anglaise	vanilla
r	l	Nov	154	vanilla-bean semifreddo	vanilla
r	l	Aug	63	vanilla-braised beef cheeks	vanilla
r	l	Sep	132	vanilla custard	vanilla
r	l	Nov	114	vanilla meringues and panna cotta with raspberry-poached tamarillos	vanilla
C	c	ingredient:	 veal
r	l	Jul	101	pan-fried veal hazelnut picada	veal
r	l	Apr	101	slow-cooked veal with olives & preserved lemon	veal
r	l	May	86	veal scallopine with fennel & parmesan salad	veal
r	l	May	109	veal with balsamic, pine nuts and currants	veal
r	l	Jul	52	warm veal, sage & mozzarella panini	veal
C	c	ingredient:	 vegetables
r	l	Dec	122	chilled soup of roasted summer vegetables	vegetables
r	l	Aug	132	crunchy stir-fry
r	l	Jun	87	herb butter with roasted vegetables	vegetables
r	l	Sep	37	spring vegetable frittata	vegetable
r	l	Aug	129	stir-fried vegetables on Asian-style coconut & pumpkin polenta	vegetables
r	l	Jun	44	vegetable san choy bau	vegetable
r	l	Nov	102	vegetable tagine	vegetable
r	l	Nov	204	vegetarian hand rolls
r	l	May	82	cheat's vegetarian lasagne
r	l	Mar	135	vegetarian pastry pizzas
r	l	Sep	101	and waffles Waldorf salad
C	c	ingredient:	 zucchini
r	l	Nov	132	zucchini & basil frittata	zucchini
r	l	Sep	86	zucchini & feta fritters	zucchini
r	l	Feb	112	zucchini & pistachio spice cake with lime frosting	zucchini
r	l	Feb	124	zucchini flowers with ratatouille	zucchini
r	l	Nov	107	zucchini flowers with ricotta & pecorino	zucchini
r	l	Oct	88	zucchini kedgeree	zucchini
